suffix_seed	condition	arm	n	brier	correct	wrong	abstain	coverage
910075	novel	C	32	0.3243371013354494	14	13	5	0.84375
910075	novel	Fw	32	0.04919156490683648	27	0	5	0.84375
910075	novel	H	32	0.07625	30	2	0	1.0
910075	novel	L	32	0.04919156490683648	27	0	5	0.84375
910075	novel	R	32	0.12770589746315192	22	0	10	0.6875
910075	return	C	32	0.322681328552009	14	18	0	1.0
910075	return	Fw	32	0.0004998643892488487	32	0	0	1.0
910075	return	G	32	0.0004998643892488487	32	0	0	1.0
910075	return	H	32	0.07250000000000001	30	2	0	1.0
910075	return	L	32	0.0004998643892488487	32	0	0	1.0
910075	return	R	32	0.07821990753341097	27	0	5	0.84375
910075	stationary	C	16	0.15510455988774627	12	2	2	0.875
910075	stationary	L	16	0.12426372409809272	14	2	0	1.0
910076	novel	C	32	0.3033568184325168	14	12	6	0.8125
910076	novel	Fw	32	0.03226338630406153	29	0	3	0.90625
910076	novel	H	32	0.07625	30	2	0	1.0
910076	novel	L	32	0.03226338630406153	29	0	3	0.90625
910076	novel	R	32	0.10463365496661628	24	0	8	0.75
910076	return	C	32	0.322681328552009	14	18	0	1.0
910076	return	Fw	32	0.0004998643892488487	32	0	0	1.0
910076	return	G	32	0.0004998643892488487	32	0	0	1.0
910076	return	H	32	0.07250000000000001	30	2	0	1.0
910076	return	L	32	0.0004998643892488487	32	0	0	1.0
910076	return	R	32	0.07288223265737798	26	0	6	0.8125
910076	stationary	C	16	0.026253258300119514	15	0	1	0.9375
910076	stationary	L	16	0.12426372409809272	14	2	0	1.0
